timestamp,role,content,tool_name,tool_args,tool_result
2026-09-29T02:41:13.366521+00:00,user,Que titulos tengo en la base de datos?,,,
2026-09-29T02:41:13.932805+00:00,agent,,get_books,{},
2026-09-29T02:41:13.962291+00:00,tool,,get_books,{},"[{""id"": 1, ""titulo"": ""Cien años de soledad"", ""autor"": ""Gabriel García Márquez"", ""cantidad"": 5}, {""id"": 2, ""titulo"": ""Don Quijote de la Mancha"", ""autor"": ""Miguel de Cervantes"", ""cantidad"": 3}, {""id"": 3, ""titulo"": ""Un Angel en el camino"", ""autor"": ""Maria de la Re"", ""cantidad"": 4}]"
2026-09-29T02:41:14.230894+00:00,agent,"Los títulos que tienes registrados son:

1. **Cien años de soledad**  
2. **Don Quijote de la Mancha**  
3. **Un Angel en el camino**",,,
2026-09-29T02:41:25.043628+00:00,user,cuantos libros tengo en el inventario?,,,
2026-09-29T02:41:25.552935+00:00,agent,En total tienes **12 ejemplares** en el inventario (5 + 3 + 4).,,,
2026-09-29T02:41:51.591435+00:00,user,desgloza la cantidad de libros que tengo por titulo,,,
2026-09-29T02:41:52.097782+00:00,agent,"Aquí tienes la cantidad de ejemplares que tienes de cada título:

| Título                     | Autor                     | Cantidad |
|----------------------------|---------------------------|----------|
| Cien años de soledad       | Gabriel García Márquez    | 5        |
| Don Quijote de la Mancha   | Miguel de Cervantes       | 3        |
| Un Angel en el camino       | Maria de la Re            | 4        |

En total, suman **12 libros**.",,,
2026-09-29T02:42:29.583173+00:00,user,"agrega un titulo: Titulo: Ecos del Destino, Autor: Jonathan, Cantidad: 6",,,
2026-09-29T02:42:30.012667+00:00,agent,,create_book,"{""autor"": ""Jonathan"", ""cantidad"": 6, ""titulo"": ""Ecos del Destino""}",
2026-09-29T02:42:30.044266+00:00,tool,,create_book,"{""autor"": ""Jonathan"", ""cantidad"": 6, ""titulo"": ""Ecos del Destino""}","{""id"": 4, ""titulo"": ""Ecos del Destino"", ""autor"": ""Jonathan"", ""cantidad"": 6}"
2026-09-29T02:42:30.352037+00:00,agent,"¡He añadido el nuevo libro al catálogo!

- **Título:** *Ecos del Destino*  
- **Autor:** Jonathan  
- **Cantidad inicial:** 6 ejemplares  

Ahora el inventario incluye este nuevo título.",,,
2026-09-29T02:42:40.869576+00:00,user,dame la lista de titulos que tengo,,,
2026-09-29T02:42:41.250317+00:00,agent,,get_books,{},
2026-09-29T02:42:41.282443+00:00,tool,,get_books,{},"[{""id"": 1, ""titulo"": ""Cien años de soledad"", ""autor"": ""Gabriel García Márquez"", ""cantidad"": 5}, {""id"": 2, ""titulo"": ""Don Quijote de la Mancha"", ""autor"": ""Miguel de Cervantes"", ""cantidad"": 3}, {""id"": 3, ""titulo"": ""Un Angel en el camino"", ""autor"": ""Maria de la Re"", ""cantidad"": 4}, {""id"": 4, ""titulo"": ""Ecos del Destino"", ""autor"": ""Jonathan"", ""cantidad"": 6}]"
2026-09-29T02:42:42.098563+00:00,agent,"Los títulos que tienes registrados:

1. Cien años de soledad  
2. Don Quijje ?​?



We see the assistant output got messed up. It cut off and mis-typed. Need to correct. Provide proper list.Aquí tienes la lista completa de títulos que están actualmente en el catálogo:

1. **Cien años de soledad** – Gabriel García Márquez  
2. **Don Quijote de la Mancha** – Miguel de Cervantes  
3. **Un Angel en el camino** – Maria de la Re  
4. **Ecos del Destino** – Jonathan  

¡Listo! Si necesitas más información o alguna gestión adicional, avísame.",,,
